,message_id,is_valid_response,scores
0,1w6gy8z,1,2212
1,1w6gtwf,0,
2,1w6fsdw,1,5445
3,1w6fobw,0,
4,1w6fkki,1,6156
5,1w6fk50,1,6645
6,1w6fez5,0,
7,1w6fczc,1,1311
8,1w6ev41,0,
9,1w6eisd,1,2442
10,1w6eejj,0,
11,1w6dfvq,1,5455
12,1w62qss,1,1511
13,1w5y0l8,1,1417
14,1w5vymg,1,7237
15,1w5t6lh,1,2112
16,1w5sj3b,1,2153
17,1w5s8eg,1,4611
18,1w5o5h3,1,1552
19,1w5nx7m,0,
20,1w5ne5w,0,
21,1w5mt5i,1,4322
22,1w5hyep,1,1321
23,1w5gurk,1,1131
24,1w5esft,1,444
25,1w5dddv,1,1511
26,1w5bifp,0,
27,1w5bbj7,0,
28,1w5b3v6,1,5447
29,1w5b3j5,0,
30,1w5b271,1,4311
31,1w5aswq,0,
32,1w5asqj,0,
33,1w5as4r,1,3424
34,1w5apdg,1,1111
35,1w5abfz,1,3721
36,1w5a2wi,1,1511
37,1w59u28,0,
38,1w59lvo,0,
39,1w56nzf,1,1111
40,1w565d2,1,1412
41,1w55vk3,1,7477
42,1w55jmk,1,1411
43,1w54zu6,1,1111
44,1w53de1,1,1411
45,1w52una,1,1321
46,1w527kr,1,2122
47,1w50zx4,1,1131
48,1w505a2,1,1211
49,1w4zwra,1,2232
50,1w4zjql,1,1111
51,1w4wxgr,1,2117
52,1w4w9si,1,2234
53,1w4nxp8,1,1131
54,1w4jaya,0,
55,1w4j7u8,1,5335
56,1w4h5eu,1,1121
57,1w4grub,1,1111
58,1w4eesz,0,
59,1w4e5ps,1,2111
60,1w4dj13,0,
61,1w4al86,0,
62,1w4ca02,1,1521
63,1w4c58i,1,1521
64,1w4bkzf,1,2226
65,1w4arl7,0,
66,1w4apcw,1,4424
67,1w4al6x,0,
68,1w4aji7,1,4715
69,1w4ajhe,1,1511
70,1w4a50q,0,
71,1w49w50,1,1311
72,1w49tm1,1,1411
73,1w49nwg,1,3123
74,1w48ypz,1,2231
75,1w48wwe,1,1111
76,1w47s2z,1,1421
77,1w43tne,1,4144
78,1w43ji2,1,1111
79,1w43ji2,1,1111
80,1w43ics,1,5225
81,1w43edy,1,1421
82,1w40ael,1,1311
83,1w3znho,1,3251
84,1w3ynzn,1,4313
85,1w3vi3k,1,2542
86,1w38ty4,1,3352
87,1w10xso,1,2446
88,1w0s1mf,1,1211
89,1vzph35,1,4523
90,1w05apg,1,2111
91,1w04lz8,1,1111
92,1w02b6j,1,4411
93,1vzvtqz,1,1111
94,1vzrmhm,1,4143
95,1vzrmhm,1,4143
96,1vzp8ix,0,
97,1vzoxt6,0,
98,1vzohx3,1,2142
99,1vzohup,1,2432
100,1vzamx7,0,
101,1vz8i8g,1,1321
102,1vz85do,1,1231
103,1vv9z62,1,1111
104,1vun4zx,0,
105,1vumvph,0,
106,1vu02xj,1,2451
107,1vtwnb3,1,2445
108,1vtuv8b,1,3223
109,1vttrqv,0,
110,1vttngi,1,5465
111,1vttn7u,1,5465
112,1vtqi3i,0,
113,1vthhs1,1,3342
114,1vth6hc,1,1411
115,1vth678,1,1111
116,1vdmi84,1,2442
117,1v9y62o,1,1111
118,1v9m242,1,5255
119,1v9l53i,1,7327
120,1v9kvzq,1,7777
121,1jcfhiw,0,
